<?xml version="1.0" encoding="UTF-8"?>
<!DOCTYPE suite SYSTEM "http://testng.org/testng-1.0.dtd">
<suite name="Suite" configfailurepolicy="continue" allow-return-values="true">
 <test name="OID Validation Test Classes">
    <classes>
      <class name="automation.tests.ValidateOidTest.Check_for_Blank_OID"/>
	  <class name="automation.tests.ValidateOidTest.Checkf_for_Exact_Oid"/>
	  <class name="automation.tests.ValidateOidTest.Checkf_for_FirstChar_Oid"/>
	  <class name="automation.tests.ValidateOidTest.Checkf_for_LastChar_Oid"/>
	  <class name="automation.tests.ValidateOidTest.Checkf_for_Max_Oid_Length"/>
	  <class name="automation.tests.ValidateOidTest.Check_for_NonNumeric_Oid"/>
	  <class name="automation.tests.ValidateOidTest.Check_for_InvalidDescendant"/>
	  <class name="automation.tests.ValidateOidTest.Check_for_ValidDescendant"/>
	  <class name="automation.tests.ValidateOidTest.Valid_OID_Test"/>
	</classes>
  </test>
  
  <test name="OID Performance Test Classes">
    <classes>
      <class name="automation.tests.ValidateBulkOid.processBulkOid"/>
	</classes>
  </test>
  
</suite> 